{"z0": 50.0, "z1": -74.13778686523438, "uv": [[0.1085757240653038, 0.330928236246109], [0.1085757240653038, 0.7260159850120544], [0.45602813363075256, 0.4214305877685547], [0.45602813363075256, 0.6114836931228638], [0.6727755665779114, 0.4610816538333893], [0.6727755665779114, 0.5549665689468384], [0.7583410143852234, 0.4563200771808624], [0.7583410143852234, 0.5618941783905029], [0.8046875, 0.2790629267692566], [0.8046875, 0.7812725305557251], [0.8145484328269958, 0.2828974723815918], [0.8145484328269958, 0.7774301767349243], [0.83203125, 0.24800558388233185], [0.83203125, 0.8110964894294739], [0.9077515006065369, 0.3196989595890045], [0.9077515006065369, 0.7386025190353394]]}