{"z0": 50.0, "z1": -76.74720001220703, "uv": [[0.14375737309455872, 0.35563185811042786], [0.14375737309455872, 0.7022956013679504], [0.4215913712978363, 0.40949898958206177], [0.4215913712978363, 0.6318857669830322], [0.6835630536079407, 0.4573104977607727], [0.6835630536079407, 0.5625619292259216], [0.778407871723175, 0.454242467880249], [0.778407871723175, 0.5671568512916565]]}